cleaned_item_category,category_view_sessions,category_view_users,viewed_item_sessions,added_to_cart_sessions,began_checkout_sessions,purchased_sessions,view_to_cart_rate,cart_to_checkout_rate,checkout_to_purchase_rate,view_to_purchase_rate,view_to_cart_dropoff_count,cart_to_checkout_dropoff_count,checkout_to_purchase_dropoff_count,view_to_cart_dropoff_rate,cart_to_checkout_dropoff_rate,checkout_to_purchase_dropoff_rate,total_item_revenue,purchased_item_rows,revenue_per_purchasing_session,is_high_volume_category,is_low_confidence_category
Apparel,30790,24902,30790,8212,1844,1144,0.26670997076973041,0.22454943984413053,0.62039045553145333,0.037154920428710624,22578,6368,700,0.73329002923026954,0.77545056015586944,0.37960954446854667,172597.0,5211,150.87150349650349,true,false
Other,25544,21850,25544,5414,1899,1168,0.21194801127466334,0.35075729589951976,0.61506055818852023,0.045725023488881932,20130,3515,731,0.78805198872533666,0.64924270410048024,0.38493944181147977,140995.0,8844,120.71489726027397,true,true
Sale,9763,7973,9763,2838,0,0,0.29068933729386459,0.0,,0.0,6925,2838,0,0.70931066270613541,1.0,,0.0,0,,true,true
Stationery,5949,5330,5949,1820,152,92,0.30593377038157671,0.083516483516483511,0.60526315789473684,0.015464783997310473,4129,1668,60,0.69406622961842324,0.91648351648351645,0.39473684210526316,1532.0,305,16.652173913043477,true,false
Drinkware,5382,4563,5382,1518,291,212,0.28205128205128205,0.191699604743083,0.72852233676975942,0.039390561129691568,3864,1227,79,0.717948717948718,0.808300395256917,0.27147766323024058,15807.0,709,74.561320754716988,true,false
Unknown,4986,4638,4986,909,21,16,0.18231046931407943,0.0231023102310231,0.76190476190476186,0.003208985158443642,4077,888,5,0.81768953068592054,0.976897689768977,0.23809523809523814,7319.0,230,457.4375,true,true
Bags,4805,4270,4805,844,299,169,0.17565036420395422,0.35426540284360192,0.56521739130434778,0.03517169614984391,3961,545,130,0.82434963579604581,0.64573459715639814,0.43478260869565222,23860.0,704,141.18343195266272,true,false